{"cameraMode":{"drawMode":0,"name":"Shaded","section":"Shading Mode"},"sceneLighting":true,"audioPlay":false,"sceneViewState":{"m_AlwaysRefresh":false,"showFog":true,"showSkybox":true,"showFlares":true,"showImageEffects":true,"showParticleSystems":true,"showVisualEffectGraphs":true,"m_FxEnabled":true},"in2DMode":false,"pivot":{"x":460.08428955078127,"y":245.78721618652345,"z":44.737884521484378},"rotation":{"x":-0.06319623440504074,"y":-0.04729010537266731,"z":0.002997949253767729,"w":-0.99687659740448},"size":218.54998779296876,"orthographic":false}