{"cameraMode":{"drawMode":0,"name":"Shaded","section":"Shading Mode"},"sceneLighting":true,"audioPlay":false,"sceneViewState":{"m_AlwaysRefresh":false,"showFog":true,"showSkybox":true,"showFlares":true,"showImageEffects":true,"showParticleSystems":true,"showVisualEffectGraphs":true,"m_FxEnabled":true},"in2DMode":false,"pivot":{"x":503.42791748046877,"y":262.83697509765627,"z":114.21511840820313},"rotation":{"x":-0.0632670447230339,"y":-0.0023979267571121456,"z":0.00015204506053123623,"w":-0.9979943037033081},"size":297.41632080078127,"orthographic":false}